{"cameraMode":{"drawMode":0,"name":"Shaded","section":"Shading Mode"},"sceneLighting":true,"audioPlay":false,"sceneViewState":{"m_AlwaysRefresh":false,"showFog":true,"showSkybox":true,"showFlares":true,"showImageEffects":true,"showParticleSystems":true,"showVisualEffectGraphs":true,"m_FxEnabled":true},"in2DMode":false,"pivot":{"x":3.2331132888793947,"y":-3.5404129028320314,"z":0.1485133171081543},"rotation":{"x":0.15576143562793733,"y":0.4004395306110382,"z":-0.06927996873855591,"w":0.900331437587738},"size":6.792865753173828,"orthographic":false}