{"cameraMode":{"drawMode":0,"name":"Shaded","section":"Shading Mode"},"sceneLighting":true,"audioPlay":false,"sceneViewState":{"m_AlwaysRefresh":false,"showFog":true,"showSkybox":true,"showFlares":true,"showImageEffects":true,"showParticleSystems":true,"showVisualEffectGraphs":true,"m_FxEnabled":true},"in2DMode":false,"pivot":{"x":4.929597854614258,"y":3.5310115814208986,"z":-6.581523895263672},"rotation":{"x":-0.0055922563187778,"y":0.9747503995895386,"z":-0.22187547385692597,"w":-0.024568114429712297},"size":13.830986022949219,"orthographic":false}